-- CALL  SYSCS_UTIL.SYSCS_IMPORT_DATA_LOBS_FROM_EXTFILE( null, 'CARIMAGE', 'IMAGE', '1', 'C:\Users\Lenovo\Documents\NetBeansProjects\ccr2\src\main\webapp\resources\images\164768872.jpg',null,null,null,  0);

Insert INTO CCR2.LOCATION (LOCATION_ID, CITY, STREET, "NUMBER", SHORTNAME, DESCRIPTION, VERSION) VALUES (1, 'Warszawa', 'Solna', 12, 'Warszawa', 'Opis', 1);
Insert INTO CCR2.LOCATION (LOCATION_ID, CITY, STREET, "NUMBER", SHORTNAME, DESCRIPTION, VERSION) VALUES (2, 'Kraków', 'Solna', 52, 'Kraków', 'Opis', 1);
Insert INTO CCR2.LOCATION (LOCATION_ID, CITY, STREET, "NUMBER", SHORTNAME, DESCRIPTION, VERSION) VALUES (3, 'Poznań', 'Mała', 88, 'Poznań', 'Opis', 1);
Insert INTO CCR2.LOCATION (LOCATION_ID, CITY, STREET, "NUMBER", SHORTNAME, DESCRIPTION, VERSION) VALUES (6, 'Suwałki', 'Zielona', 88, 'Suwałki', 'Opis', 1);

Insert INTO CCR2.CAR (CARID, MODEL, NUMBEROFSEATS, REGISTRATIONNUMBER, VERSION, LOCATIONID, DESCRIPTION) VALUES (4, 'Opel', 4, 'AMD12346', 1, 1, 'Opis');
Insert INTO CCR2.CAR (CARID, MODEL, NUMBEROFSEATS, REGISTRATIONNUMBER, VERSION, LOCATIONID, DESCRIPTION) VALUES (5, 'Mercedes', 16, 'WA78934', 1, 6, 'Opis');
Insert INTO CCR2.CAR (CARID, MODEL, NUMBEROFSEATS, REGISTRATIONNUMBER, VERSION, LOCATIONID, DESCRIPTION) VALUES (7, 'Mercedes', 16, 'WA78967', 1, 2, 'Opis');
Insert INTO CCR2.CAR (CARID, MODEL, NUMBEROFSEATS, REGISTRATIONNUMBER, VERSION, LOCATIONID, DESCRIPTION) VALUES (8, 'Audi', 16, 'WZ34567', 1, 6, 'Opis');
Insert INTO CCR2.CAR (CARID, MODEL, NUMBEROFSEATS, REGISTRATIONNUMBER, VERSION, LOCATIONID, DESCRIPTION) VALUES (9, 'Opel', 4, 'KK90456', 1, 2, 'Opis');
Insert INTO CCR2.CAR (CARID, MODEL, NUMBEROFSEATS, REGISTRATIONNUMBER, VERSION, LOCATIONID, DESCRIPTION) VALUES (10, 'Mercedes', 16, 'WC78934', 1, 3, 'Opis');
Insert INTO CCR2.CAR (CARID, MODEL, NUMBEROFSEATS, REGISTRATIONNUMBER, VERSION, LOCATIONID, DESCRIPTION) VALUES (11, 'Mercedes', 6, 'PO98734', 1, 3, 'Opis');

Insert into CCR2.ACCOUNT(ACCOUNT_ID,"TYPE",ACTIVE,LOGIN,USER_PASSWORD,"NAME",SURNAME,EMAIL,VERSION)VALUES(12,'ADMINISTRATOR',1,'admin11','0f6b31b40e622d92344d3c3c5112b32816ac9a0fcc8993a8277ffeb95db297c8','Marek','Skwarek','marek11@company.com',1);
Insert into CCR2.ACCOUNT(ACCOUNT_ID,"TYPE",ACTIVE,LOGIN,USER_PASSWORD,"NAME",SURNAME,EMAIL,VERSION)VALUES(13,'ADMINISTRATOR',1,'admin1050','b70a9def60c965879c29527058488e79c597c2b24e60627434256a3510728e22','Zenon','Tarczyński','z.tarczynski@company.com',1);
Insert into CCR2.ACCOUNT(ACCOUNT_ID,"TYPE",ACTIVE,LOGIN,USER_PASSWORD,"NAME",SURNAME,EMAIL,VERSION)VALUES(14,'MANAGER',1,'amalana','86f08b2dbf7659bb387bbaba4f638e0028478a84d66421c8d88e58443170806d','Anna','Malana','a.malana@company.com',1);
Insert into CCR2.ACCOUNT(ACCOUNT_ID,"TYPE",ACTIVE,LOGIN,USER_PASSWORD,"NAME",SURNAME,EMAIL,VERSION)VALUES(15,'MANAGER',1,'apaladyn','9e52a6d048dacbded088b5dc3b0db460bf89ba77269246bc307d7ce4d116c51f','Arkadiusz','Paladyn','apaladyn@company.com',1);
Insert into CCR2.ACCOUNT(ACCOUNT_ID,"TYPE",ACTIVE,LOGIN,USER_PASSWORD,"NAME",SURNAME,EMAIL,VERSION)VALUES(16,'EMPLOYEE',1,'ktraba','55f162319c7cf36400dee1daf19609201d1fe27294a3b6738ba8b39c74ff22b1','Kacper','Trąba','ktraba@company.com',1);
Insert into CCR2.ACCOUNT(ACCOUNT_ID,"TYPE",ACTIVE,LOGIN,USER_PASSWORD,"NAME",SURNAME,EMAIL,VERSION)VALUES(17,'EMPLOYEE',1,'mwalaszek','eb600bfccf069faacc86dcb0d214f688b04d5823b3653a59cb2d74bf498a1824','Maria','Walaszek','mwalaszek@company.com',1);
Insert into CCR2.ACCOUNT(ACCOUNT_ID,"TYPE",ACTIVE,LOGIN,USER_PASSWORD,"NAME",SURNAME,EMAIL,VERSION)VALUES(18,'EMPLOYEE',1,'zkuraski','62d5693214cab88b81ebafb6e59af08e191a13ba7f0e1e734a69cdb984a8ad65','Zuzanna','Kura','zkura@company.com',1);
Insert into CCR2.ACCOUNT(ACCOUNT_ID,"TYPE",ACTIVE,LOGIN,USER_PASSWORD,"NAME",SURNAME,EMAIL,VERSION)VALUES(19,'EMPLOYEE',1,'wmorag','92f89c839c9473c8c0e35504d3e777d59db059803898c4fcc7bfbfdbd5b905c2','Wiesław','Morąg','wmorag@company.com',1);
Insert into CCR2.ACCOUNT(ACCOUNT_ID,"TYPE",ACTIVE,LOGIN,USER_PASSWORD,"NAME",SURNAME,EMAIL,VERSION)VALUES(20,'DRIVER',1,'lfasolek','73650e8af4c9ee4a9ebf888d9a401b1ca08e4ee1474abf58ee66f4efd86e8ebe','Lucjan','Fasolek','lfasolek@company.com',1);
Insert into CCR2.ACCOUNT(ACCOUNT_ID,"TYPE",ACTIVE,LOGIN,USER_PASSWORD,"NAME",SURNAME,EMAIL,VERSION)VALUES(21,'DRIVER',1,'fkalata','98361e36f3ce2eea93e4a8beb602fd6a341eea3db483a1ae503e9e1c30e48b39','Ferdynand','Kalata','fkalata@company.com',1);
Insert into CCR2.ACCOUNT(ACCOUNT_ID,"TYPE",ACTIVE,LOGIN,USER_PASSWORD,"NAME",SURNAME,EMAIL,VERSION)VALUES(22,'DRIVER',1,'mtubaski','d5c59adf204a36f37ab852b6110a09c56ba8a90afab8ae58386a1a15f876a0e3','Marcin','Tuba','mtuba@company.com',1);
Insert into CCR2.ACCOUNT(ACCOUNT_ID,"TYPE",ACTIVE,LOGIN,USER_PASSWORD,"NAME",SURNAME,EMAIL,VERSION)VALUES(23,'DRIVER',1,'zoleraski','551a3bfbc8d92da239586bdab37ad54d3514530c570007cb8bb6b187df92d631','Zdzisław','Olera','zolera@company.com',1);

Insert into CCR2.ADMINISTRATOR(ACCOUNT_ID)VALUES(12);
Insert into CCR2.ADMINISTRATOR(ACCOUNT_ID)VALUES(13);

Insert into CCR2.MANAGER(ACCOUNT_ID, DEPARTMENT)VALUES(14, 'Administracja');
Insert into CCR2.MANAGER(ACCOUNT_ID, DEPARTMENT)VALUES(15, 'Kadry');

INSERT INTO CCR2.EMPLOYEE(ACCOUNT_ID, "POSITION")VALUES(16, 'Specjalista');
INSERT INTO CCR2.EMPLOYEE(ACCOUNT_ID, "POSITION",MANAGER)VALUES(17, 'Specjalista',15);
INSERT INTO CCR2.EMPLOYEE(ACCOUNT_ID, "POSITION",MANAGER)VALUES(18, 'Specjalista',14);
INSERT INTO CCR2.EMPLOYEE(ACCOUNT_ID, "POSITION")VALUES(19, 'Specjalista');

INSERT INTO CCR2.DRIVER(ACCOUNT_ID,LOCATION_ID)VALUES(20,1);
INSERT INTO CCR2.DRIVER(ACCOUNT_ID,LOCATION_ID)VALUES(21,2);
INSERT INTO CCR2.DRIVER(ACCOUNT_ID,LOCATION_ID)VALUES(22,3);
INSERT INTO CCR2.DRIVER(ACCOUNT_ID,LOCATION_ID)VALUES(23,6);

INSERT INTO CCR2.ACCESSIBILITY(ACCESSIBILITY_ID,DEPARTURE_FROM,DESTINATION,DEPARTURE_DATE,DEPARTURE_TIME,RETURN_DATE,RETURN_TIME,VERSION)VALUES(24,'Warszawa','Berlin','2016-11-16','11:00','2016-11-20','6:00',1);
INSERT INTO CCR2.FORM(FORMID,ACCESSIBILITY_ID,NUMBER_OF_PEOPLE,EMPLOYEE_CREATED_ID,STATUS,VERSION)VALUES(25,24,2,16,0,1);
INSERT INTO CCR2.ACCESSIBILITY(ACCESSIBILITY_ID,DEPARTURE_FROM,DESTINATION,DEPARTURE_DATE,DEPARTURE_TIME,RETURN_DATE,RETURN_TIME,VERSION)VALUES(26,'Warszawa','Szczecin','2016-12-01','7:00','2016-12-06','18:00',1);
INSERT INTO CCR2.FORM(FORMID,ACCESSIBILITY_ID,NUMBER_OF_PEOPLE,EMPLOYEE_CREATED_ID,STATUS,VERSION)VALUES(27,26,1,16,0,1);
INSERT INTO CCR2.ACCESSIBILITY(ACCESSIBILITY_ID,DEPARTURE_FROM,DESTINATION,DEPARTURE_DATE,DEPARTURE_TIME,RETURN_DATE,RETURN_TIME,VERSION)VALUES(28,'Suwałki','Kraków','2016-11-16','15:00','2016-11-18','8:00',1);
INSERT INTO CCR2.FORM(FORMID,ACCESSIBILITY_ID,NUMBER_OF_PEOPLE,EMPLOYEE_CREATED_ID,STATUS,VERSION)VALUES(29,28,9,17,0,1);
INSERT INTO CCR2.ACCESSIBILITY(ACCESSIBILITY_ID,DEPARTURE_FROM,DESTINATION,DEPARTURE_DATE,DEPARTURE_TIME,RETURN_DATE,RETURN_TIME,VERSION)VALUES(30,'Kraków','Praga','2016-11-10','11:00','2016-11-20','20:00',1);
INSERT INTO CCR2.FORM(FORMID,ACCESSIBILITY_ID,NUMBER_OF_PEOPLE,EMPLOYEE_CREATED_ID,STATUS,VERSION)VALUES(31,30,2,17,1,1);

INSERT INTO CCR2.ACCESSIBILITY(ACCESSIBILITY_ID,DEPARTURE_FROM,DESTINATION,DEPARTURE_DATE,DEPARTURE_TIME,RETURN_DATE,RETURN_TIME,VERSION)VALUES(32,'Warszawa','Berlin','2016-11-19','13:00','2016-11-23','5:00',1);
INSERT INTO CCR2.FORM(FORMID,ACCESSIBILITY_ID,NUMBER_OF_PEOPLE,EMPLOYEE_CREATED_ID,MANAGER_ACCEPTED_ID,STATUS,VERSION)VALUES(33,32,2,18,14,3,1);
INSERT INTO CCR2.ACCESSIBILITY(ACCESSIBILITY_ID,DEPARTURE_FROM,DESTINATION,DEPARTURE_DATE,DEPARTURE_TIME,RETURN_DATE,RETURN_TIME,VERSION)VALUES(40,'Warszawa','Barcelona','2016-11-25','13:00','2016-11-30','5:00',1);
INSERT INTO CCR2.FORM(FORMID,ACCESSIBILITY_ID,NUMBER_OF_PEOPLE,EMPLOYEE_CREATED_ID,MANAGER_ACCEPTED_ID,STATUS,VERSION)VALUES(41,40,2,18,14,1,1);
INSERT INTO CCR2.ACCESSIBILITY(ACCESSIBILITY_ID,DEPARTURE_FROM,DESTINATION,DEPARTURE_DATE,DEPARTURE_TIME,RETURN_DATE,RETURN_TIME,VERSION)VALUES(34,'Poznań','Berlin','2016-11-16','11:00','2016-11-20','6:00',1);
INSERT INTO CCR2.FORM(FORMID,ACCESSIBILITY_ID,NUMBER_OF_PEOPLE,EMPLOYEE_CREATED_ID,STATUS,VERSION)VALUES(35,34,2,19,0,1);
INSERT INTO CCR2.ACCESSIBILITY(ACCESSIBILITY_ID,DEPARTURE_FROM,DESTINATION,DEPARTURE_DATE,DEPARTURE_TIME,RETURN_DATE,RETURN_TIME,VERSION)VALUES(36,'Suwałki','Konin','2016-12-06','6:00','2016-12-11','18:00',1);
INSERT INTO CCR2.FORM(FORMID,ACCESSIBILITY_ID,NUMBER_OF_PEOPLE,EMPLOYEE_CREATED_ID,STATUS,VERSION)VALUES(37,36,4,19,0,1);
INSERT INTO CCR2.ACCESSIBILITY(ACCESSIBILITY_ID,DEPARTURE_FROM,DESTINATION,DEPARTURE_DATE,DEPARTURE_TIME,RETURN_DATE,RETURN_TIME,VERSION)VALUES(38,'Warszawa','Berlin','2016-12-20','11:00','2016-12-23','6:00',1);
INSERT INTO CCR2.FORM(FORMID,ACCESSIBILITY_ID,NUMBER_OF_PEOPLE,EMPLOYEE_CREATED_ID,STATUS,VERSION)VALUES(39,38,2,19,0,1);